[{"userFollowerCount": 25, "userFollowingCount": 1937, "userBiographyLength": 0, "userMediaCount": 0, "userHasProfilPic": 1, "userIsPrivate": 1, "usernameDigitCount": 0, "usernameLength": 10, "isFake": 1}, {"userFollowerCount": 324, "userFollowingCount": 4122, "userBiographyLength": 0, "userMediaCount": 0, "userHasProfilPic": 1, "userIsPrivate": 0, "usernameDigitCount": 4, "usernameLength": 15, "isFake": 1}, {"userFollowerCount": 15, "userFollowingCount": 399, "userBiographyLength": 0, "userMediaCount": 0, "userHasProfilPic": 0, "userIsPrivate": 0, "usernameDigitCount": 3, "usernameLength": 12, "isFake": 1}, {"userFollowerCount": 14, "userFollowingCount": 107, "userBiographyLength": 0, "userMediaCount": 1, "userHasProfilPic": 1, "userIsPrivate": 0, "usernameDigitCount": 1, "usernameLength": 10, "isFake": 1}, {"userFollowerCount": 264, "userFollowingCount": 4651, "userBiographyLength": 0, "userMediaCount": 0, "userHasProfilPic": 1, "userIsPrivate": 0, "usernameDigitCount": 0, "usernameLength": 14, "isFake": 1}, {"userFollowerCount": 33, "userFollowingCount": 1470, "userBiographyLength": 0, "userMediaCount": 2, "userHasProfilPic": 1, "userIsPrivate": 1, "usernameDigitCount": 4, "usernameLength": 13, "isFake": 1}, {"userFollowerCount": 420, "userFollowingCount": 4883, "userBiographyLength": 30, "userMediaCount": 8, "userHasProfilPic": 1, "userIsPrivate": 0, "usernameDigitCount": 0, "usernameLength": 12, "isFake": 1}, {"userFollowerCount": 442, "userFollowingCount": 6662, "userBiographyLength": 0, "userMediaCount": 396, "userHasProfilPic": 1, "userIsPrivate": 0, "usernameDigitCount": 0, "usernameLength": 11, "isFake": 1}, {"userFollowerCount": 816, "userFollowingCount": 7497, "userBiographyLength": 0, "userMediaCount": 85, "userHasProfilPic": 1, "userIsPrivate": 0, "usernameDigitCount": 3, "usernameLength": 15, "isFake": 1}, {"userFollowerCount": 150, "userFollowingCount": 6631, "userBiographyLength": 1, "userMediaCount": 0, "userHasProfilPic": 1, "userIsPrivate": 1, "usernameDigitCount": 3, "usernameLength": 8, "isFake": 1}, {"userFollowerCount": 235, "userFollowingCount": 7202, "userBiographyLength": 0, "userMediaCount": 1, "userHasProfilPic": 1, "userIsPrivate": 1, "usernameDigitCount": 2, "usernameLength": 14, "isFake": 1}, {"userFollowerCount": 99, "userFollowingCount": 1358, "userBiographyLength": 0, "userMediaCount": 1, "userHasProfilPic": 1, "userIsPrivate": 0, "usernameDigitCount": 3, "usernameLength": 7, "isFake": 1}, {"userFollowerCount": 59, "userFollowingCount": 6603, "userBiographyLength": 0, "userMediaCount": 0, "userHasProfilPic": 0, "userIsPrivate": 1, "usernameDigitCount": 0, "usernameLength": 12, "isFake": 1}, {"userFollowerCount": 4, "userFollowingCount": 179, "userBiographyLength": 0, "userMediaCount": 1, "userHasProfilPic": 1, "userIsPrivate": 0, "usernameDigitCount": 0, "usernameLength": 17, "isFake": 1}, {"userFollowerCount": 39, "userFollowingCount": 1022, "userBiographyLength": 58, "userMediaCount": 0, "userHasProfilPic": 0, "userIsPrivate": 0, "usernameDigitCount": 3, "usernameLength": 30, "isFake": 1}, {"userFollowerCount": 8, "userFollowingCount": 23, "userBiographyLength": 0, "userMediaCount": 0, "userHasProfilPic": 0, "userIsPrivate": 0, "usernameDigitCount": 0, "usernameLength": 10, "isFake": 1}, {"userFollowerCount": 622, "userFollowingCount": 364, "userBiographyLength": 26, "userMediaCount": 2, "userHasProfilPic": 0, "userIsPrivate": 0, "usernameDigitCount": 0, "usernameLength": 9, "isFake": 1}, {"userFollowerCount": 37, "userFollowingCount": 207, "userBiographyLength": 0, "userMediaCount": 0, "userHasProfilPic": 0, "userIsPrivate": 0, "usernameDigitCount": 0, "usernameLength": 15, "isFake": 1}, {"userFollowerCount": 66, "userFollowingCount": 244, "userBiographyLength": 34, "userMediaCount": 0, "userHasProfilPic": 0, "userIsPrivate": 0, "usernameDigitCount": 0, "usernameLength": 11, "isFake": 1}, {"userFollowerCount": 32, "userFollowingCount": 4, "userBiographyLength": 0, "userMediaCount": 1, "userHasProfilPic": 1, "userIsPrivate": 0, "usernameDigitCount": 2, "usernameLength": 10, "isFake": 1}, {"userFollowerCount": 27, "userFollowingCount": 354, "userBiographyLength": 0, "userMediaCount": 0, "userHasProfilPic": 1, "userIsPrivate": 1, "usernameDigitCount": 4, "usernameLength": 10, "isFake": 1}, {"userFollowerCount": 47, "userFollowingCount": 106, "userBiographyLength": 0, "userMediaCount": 0, "userHasProfilPic": 0, "userIsPrivate": 0, "usernameDigitCount": 3, "usernameLength": 11, "isFake": 1}, {"userFollowerCount": 25, "userFollowingCount": 136, "userBiographyLength": 0, "userMediaCount": 0, "userHasProfilPic": 0, "userIsPrivate": 1, "usernameDigitCount": 2, "usernameLength": 8, "isFake": 1}, {"userFollowerCount": 5, "userFollowingCount": 243, "userBiographyLength": 0, "userMediaCount": 1, "userHasProfilPic": 0, "userIsPrivate": 1, "usernameDigitCount": 0, "usernameLength": 12, "isFake": 1}, {"userFollowerCount": 0, "userFollowingCount": 848, "userBiographyLength": 0, "userMediaCount": 0, "userHasProfilPic": 0, "userIsPrivate": 1, "usernameDigitCount": 4, "usernameLength": 9, "isFake": 1}, {"userFollowerCount": 232, "userFollowingCount": 6013, "userBiographyLength": 111, "userMediaCount": 1, "userHasProfilPic": 1, "userIsPrivate": 0, "usernameDigitCount": 1, "usernameLength": 20, "isFake": 1}, {"userFollowerCount": 534, "userFollowingCount": 539, "userBiographyLength": 11, "userMediaCount": 0, "userHasProfilPic": 1, "userIsPrivate": 0, "usernameDigitCount": 0, "usernameLength": 11, "isFake": 1}, {"userFollowerCount": 1, "userFollowingCount": 8, "userBiographyLength": 0, "userMediaCount": 0, "userHasProfilPic": 0, "userIsPrivate": 0, "usernameDigitCount": 0, "usernameLength": 11, "isFake": 1}, {"userFollowerCount": 0, "userFollowingCount": 126, "userBiographyLength": 0, "userMediaCount": 0, "userHasProfilPic": 1, "userIsPrivate": 1, "usernameDigitCount": 0, "usernameLength": 5, "isFake": 1}, {"userFollowerCount": 5, "userFollowingCount": 77, "userBiographyLength": 0, "userMediaCount": 0, "userHasProfilPic": 1, "userIsPrivate": 0, "usernameDigitCount": 4, "usernameLength": 10, "isFake": 1}, {"userFollowerCount": 0, "userFollowingCount": 6, "userBiographyLength": 0, "userMediaCount": 0, "userHasProfilPic": 0, "userIsPrivate": 1, "usernameDigitCount": 7, "usernameLength": 11, "isFake": 1}, {"userFollowerCount": 80, "userFollowingCount": 1844, "userBiographyLength": 16, "userMediaCount": 1, "userHasProfilPic": 1, "userIsPrivate": 1, "usernameDigitCount": 0, "usernameLength": 9, "isFake": 1}, {"userFollowerCount": 87, "userFollowingCount": 851, "userBiographyLength": 53, "userMediaCount": 0, "userHasProfilPic": 1, "userIsPrivate": 0, "usernameDigitCount": 0, "usernameLength": 8, "isFake": 1}, {"userFollowerCount": 29, "userFollowingCount": 1603, "userBiographyLength": 89, "userMediaCount": 2, "userHasProfilPic": 1, "userIsPrivate": 0, "usernameDigitCount": 0, "usernameLength": 11, "isFake": 1}, {"userFollowerCount": 247, "userFollowingCount": 1749, "userBiographyLength": 0, "userMediaCount": 3, "userHasProfilPic": 1, "userIsPrivate": 0, "usernameDigitCount": 4, "usernameLength": 10, "isFake": 1}, {"userFollowerCount": 290, "userFollowingCount": 2269, "userBiographyLength": 0, "userMediaCount": 0, "userHasProfilPic": 0, "userIsPrivate": 1, "usernameDigitCount": 0, "usernameLength": 12, "isFake": 1}, {"userFollowerCount": 12, "userFollowingCount": 2721, "userBiographyLength": 16, "userMediaCount": 1, "userHasProfilPic": 1, "userIsPrivate": 1, "usernameDigitCount": 0, "usernameLength": 13, "isFake": 1}, {"userFollowerCount": 46, "userFollowingCount": 2521, "userBiographyLength": 0, "userMediaCount": 0, "userHasProfilPic": 0, "userIsPrivate": 0, "usernameDigitCount": 2, "usernameLength": 12, "isFake": 1}, {"userFollowerCount": 2, "userFollowingCount": 1973, "userBiographyLength": 13, "userMediaCount": 0, "userHasProfilPic": 0, "userIsPrivate": 1, "usernameDigitCount": 1, "usernameLength": 11, "isFake": 1}, {"userFollowerCount": 8, "userFollowingCount": 1359, "userBiographyLength": 0, "userMediaCount": 0, "userHasProfilPic": 1, "userIsPrivate": 0, "usernameDigitCount": 0, "usernameLength": 8, "isFake": 1}, {"userFollowerCount": 36, "userFollowingCount": 2004, "userBiographyLength": 10, "userMediaCount": 6, "userHasProfilPic": 0, "userIsPrivate": 1, "usernameDigitCount": 2, "usernameLength": 13, "isFake": 1}, {"userFollowerCount": 37, "userFollowingCount": 1982, "userBiographyLength": 8, "userMediaCount": 1, "userHasProfilPic": 1, "userIsPrivate": 0, "usernameDigitCount": 3, "usernameLength": 9, "isFake": 1}, {"userFollowerCount": 61, "userFollowingCount": 992, "userBiographyLength": 0, "userMediaCount": 0, "userHasProfilPic": 1, "userIsPrivate": 0, "usernameDigitCount": 4, "usernameLength": 10, "isFake": 1}, {"userFollowerCount": 105, "userFollowingCount": 6802, "userBiographyLength": 17, "userMediaCount": 0, "userHasProfilPic": 1, "userIsPrivate": 0, "usernameDigitCount": 0, "usernameLength": 6, "isFake": 1}, {"userFollowerCount": 607, "userFollowingCount": 7455, "userBiographyLength": 20, "userMediaCount": 0, "userHasProfilPic": 0, "userIsPrivate": 1, "usernameDigitCount": 0, "usernameLength": 9, "isFake": 1}, {"userFollowerCount": 14, "userFollowingCount": 1725, "userBiographyLength": 0, "userMediaCount": 0, "userHasProfilPic": 1, "userIsPrivate": 1, "usernameDigitCount": 4, "usernameLength": 9, "isFake": 1}, {"userFollowerCount": 69, "userFollowingCount": 3577, "userBiographyLength": 0, "userMediaCount": 1, "userHasProfilPic": 0, "userIsPrivate": 0, "usernameDigitCount": 1, "usernameLength": 9, "isFake": 1}, {"userFollowerCount": 26, "userFollowingCount": 1919, "userBiographyLength": 0, "userMediaCount": 0, "userHasProfilPic": 0, "userIsPrivate": 0, "usernameDigitCount": 0, "usernameLength": 12, "isFake": 1}, {"userFollowerCount": 12, "userFollowingCount": 1710, "userBiographyLength": 0, "userMediaCount": 1, "userHasProfilPic": 1, "userIsPrivate": 0, "usernameDigitCount": 3, "usernameLength": 13, "isFake": 1}, {"userFollowerCount": 12, "userFollowingCount": 1377, "userBiographyLength": 0, "userMediaCount": 0, "userHasProfilPic": 0, "userIsPrivate": 0, "usernameDigitCount": 5, "usernameLength": 15, "isFake": 1}, {"userFollowerCount": 51, "userFollowingCount": 3241, "userBiographyLength": 50, "userMediaCount": 0, "userHasProfilPic": 1, "userIsPrivate": 1, "usernameDigitCount": 2, "usernameLength": 13, "isFake": 1}, {"userFollowerCount": 8, "userFollowingCount": 1709, "userBiographyLength": 0, "userMediaCount": 0, "userHasProfilPic": 1, "userIsPrivate": 1, "usernameDigitCount": 2, "usernameLength": 7, "isFake": 1}, {"userFollowerCount": 514, "userFollowingCount": 1999, "userBiographyLength": 27, "userMediaCount": 0, "userHasProfilPic": 1, "userIsPrivate": 0, "usernameDigitCount": 0, "usernameLength": 6, "isFake": 1}, {"userFollowerCount": 104, "userFollowingCount": 1423, "userBiographyLength": 53, "userMediaCount": 0, "userHasProfilPic": 0, "userIsPrivate": 0, "usernameDigitCount": 0, "usernameLength": 13, "isFake": 1}, {"userFollowerCount": 83, "userFollowingCount": 2012, "userBiographyLength": 0, "userMediaCount": 0, "userHasProfilPic": 1, "userIsPrivate": 1, "usernameDigitCount": 2, "usernameLength": 12, "isFake": 1}, {"userFollowerCount": 69, "userFollowingCount": 1374, "userBiographyLength": 9, "userMediaCount": 0, "userHasProfilPic": 1, "userIsPrivate": 1, "usernameDigitCount": 1, "usernameLength": 7, "isFake": 1}, {"userFollowerCount": 282, "userFollowingCount": 2517, "userBiographyLength": 0, "userMediaCount": 5, "userHasProfilPic": 1, "userIsPrivate": 0, "usernameDigitCount": 2, "usernameLength": 11, "isFake": 1}, {"userFollowerCount": 49, "userFollowingCount": 2499, "userBiographyLength": 23, "userMediaCount": 1, "userHasProfilPic": 1, "userIsPrivate": 0, "usernameDigitCount": 4, "usernameLength": 17, "isFake": 1}, {"userFollowerCount": 14, "userFollowingCount": 3359, "userBiographyLength": 0, "userMediaCount": 0, "userHasProfilPic": 1, "userIsPrivate": 0, "usernameDigitCount": 1, "usernameLength": 7, "isFake": 1}, {"userFollowerCount": 49, "userFollowingCount": 2987, "userBiographyLength": 0, "userMediaCount": 0, "userHasProfilPic": 0, "userIsPrivate": 0, "usernameDigitCount": 0, "usernameLength": 8, "isFake": 1}, {"userFollowerCount": 20, "userFollowingCount": 3543, "userBiographyLength": 0, "userMediaCount": 0, "userHasProfilPic": 0, "userIsPrivate": 0, "usernameDigitCount": 1, "usernameLength": 11, "isFake": 1}, {"userFollowerCount": 63, "userFollowingCount": 2318, "userBiographyLength": 0, "userMediaCount": 0, "userHasProfilPic": 1, "userIsPrivate": 0, "usernameDigitCount": 4, "usernameLength": 9, "isFake": 1}, {"userFollowerCount": 5, "userFollowingCount": 964, "userBiographyLength": 0, "userMediaCount": 1, "userHasProfilPic": 1, "userIsPrivate": 0, "usernameDigitCount": 0, "usernameLength": 9, "isFake": 1}, {"userFollowerCount": 58, "userFollowingCount": 826, "userBiographyLength": 0, "userMediaCount": 0, "userHasProfilPic": 1, "userIsPrivate": 0, "usernameDigitCount": 4, "usernameLength": 12, "isFake": 1}, {"userFollowerCount": 110, "userFollowingCount": 1612, "userBiographyLength": 0, "userMediaCount": 0, "userHasProfilPic": 0, "userIsPrivate": 1, "usernameDigitCount": 4, "usernameLength": 12, "isFake": 1}, {"userFollowerCount": 21, "userFollowingCount": 946, "userBiographyLength": 0, "userMediaCount": 1, "userHasProfilPic": 1, "userIsPrivate": 0, "usernameDigitCount": 1, "usernameLength": 10, "isFake": 1}, {"userFollowerCount": 15, "userFollowingCount": 659, "userBiographyLength": 0, "userMediaCount": 1, "userHasProfilPic": 1, "userIsPrivate": 0, "usernameDigitCount": 0, "usernameLength": 8, "isFake": 1}, {"userFollowerCount": 2, "userFollowingCount": 757, "userBiographyLength": 0, "userMediaCount": 0, "userHasProfilPic": 1, "userIsPrivate": 0, "usernameDigitCount": 3, "usernameLength": 13, "isFake": 1}, {"userFollowerCount": 125, "userFollowingCount": 1396, "userBiographyLength": 15, "userMediaCount": 0, "userHasProfilPic": 1, "userIsPrivate": 1, "usernameDigitCount": 2, "usernameLength": 12, "isFake": 1}, {"userFollowerCount": 14, "userFollowingCount": 3086, "userBiographyLength": 0, "userMediaCount": 1, "userHasProfilPic": 1, "userIsPrivate": 0, "usernameDigitCount": 0, "usernameLength": 11, "isFake": 1}, {"userFollowerCount": 4, "userFollowingCount": 883, "userBiographyLength": 0, "userMediaCount": 0, "userHasProfilPic": 1, "userIsPrivate": 0, "usernameDigitCount": 1, "usernameLength": 7, "isFake": 1}, {"userFollowerCount": 11, "userFollowingCount": 1898, "userBiographyLength": 37, "userMediaCount": 0, "userHasProfilPic": 1, "userIsPrivate": 1, "usernameDigitCount": 2, "usernameLength": 9, "isFake": 1}, {"userFollowerCount": 3208, "userFollowingCount": 1911, "userBiographyLength": 0, "userMediaCount": 0, "userHasProfilPic": 0, "userIsPrivate": 0, "usernameDigitCount": 5, "usernameLength": 15, "isFake": 1}, {"userFollowerCount": 0, "userFollowingCount": 2513, "userBiographyLength": 0, "userMediaCount": 1, "userHasProfilPic": 1, "userIsPrivate": 1, "usernameDigitCount": 0, "usernameLength": 13, "isFake": 1}, {"userFollowerCount": 124, "userFollowingCount": 1411, "userBiographyLength": 85, "userMediaCount": 0, "userHasProfilPic": 1, "userIsPrivate": 1, "usernameDigitCount": 0, "usernameLength": 13, "isFake": 1}, {"userFollowerCount": 441, "userFollowingCount": 2772, "userBiographyLength": 0, "userMediaCount": 0, "userHasProfilPic": 0, "userIsPrivate": 1, "usernameDigitCount": 2, "usernameLength": 9, "isFake": 1}, {"userFollowerCount": 10, "userFollowingCount": 1768, "userBiographyLength": 0, "userMediaCount": 0, "userHasProfilPic": 0, "userIsPrivate": 0, "usernameDigitCount": 4, "usernameLength": 14, "isFake": 1}, {"userFollowerCount": 14, "userFollowingCount": 1229, "userBiographyLength": 0, "userMediaCount": 4, "userHasProfilPic": 0, "userIsPrivate": 1, "usernameDigitCount": 0, "usernameLength": 14, "isFake": 1}, {"userFollowerCount": 16, "userFollowingCount": 2473, "userBiographyLength": 0, "userMediaCount": 0, "userHasProfilPic": 0, "userIsPrivate": 0, "usernameDigitCount": 0, "usernameLength": 13, "isFake": 1}, {"userFollowerCount": 22, "userFollowingCount": 2666, "userBiographyLength": 0, "userMediaCount": 0, "userHasProfilPic": 0, "userIsPrivate": 1, "usernameDigitCount": 2, "usernameLength": 9, "isFake": 1}, {"userFollowerCount": 24, "userFollowingCount": 2503, "userBiographyLength": 0, "userMediaCount": 1, "userHasProfilPic": 1, "userIsPrivate": 0, "usernameDigitCount": 4, "usernameLength": 9, "isFake": 1}, {"userFollowerCount": 32, "userFollowingCount": 2471, "userBiographyLength": 0, "userMediaCount": 0, "userHasProfilPic": 0, "userIsPrivate": 0, "usernameDigitCount": 3, "usernameLength": 13, "isFake": 1}, {"userFollowerCount": 102, "userFollowingCount": 332, "userBiographyLength": 0, "userMediaCount": 0, "userHasProfilPic": 0, "userIsPrivate": 0, "usernameDigitCount": 1, "usernameLength": 7, "isFake": 1}, {"userFollowerCount": 53, "userFollowingCount": 620, "userBiographyLength": 4, "userMediaCount": 1, "userHasProfilPic": 1, "userIsPrivate": 1, "usernameDigitCount": 0, "usernameLength": 8, "isFake": 1}, {"userFollowerCount": 9, "userFollowingCount": 1770, "userBiographyLength": 0, "userMediaCount": 0, "userHasProfilPic": 0, "userIsPrivate": 0, "usernameDigitCount": 0, "usernameLength": 8, "isFake": 1}, {"userFollowerCount": 12, "userFollowingCount": 2319, "userBiographyLength": 0, "userMediaCount": 0, "userHasProfilPic": 0, "userIsPrivate": 0, "usernameDigitCount": 3, "usernameLength": 10, "isFake": 1}, {"userFollowerCount": 7, "userFollowingCount": 2116, "userBiographyLength": 0, "userMediaCount": 0, "userHasProfilPic": 0, "userIsPrivate": 0, "usernameDigitCount": 2, "usernameLength": 12, "isFake": 1}, {"userFollowerCount": 52, "userFollowingCount": 2479, "userBiographyLength": 0, "userMediaCount": 0, "userHasProfilPic": 1, "userIsPrivate": 0, "usernameDigitCount": 0, "usernameLength": 14, "isFake": 1}, {"userFollowerCount": 14, "userFollowingCount": 1803, "userBiographyLength": 0, "userMediaCount": 0, "userHasProfilPic": 1, "userIsPrivate": 0, "usernameDigitCount": 0, "usernameLength": 11, "isFake": 1}, {"userFollowerCount": 22, "userFollowingCount": 1330, "userBiographyLength": 0, "userMediaCount": 0, "userHasProfilPic": 1, "userIsPrivate": 0, "usernameDigitCount": 3, "usernameLength": 10, "isFake": 1}, {"userFollowerCount": 4, "userFollowingCount": 1546, "userBiographyLength": 0, "userMediaCount": 0, "userHasProfilPic": 0, "userIsPrivate": 0, "usernameDigitCount": 0, "usernameLength": 11, "isFake": 1}, {"userFollowerCount": 58, "userFollowingCount": 2132, "userBiographyLength": 0, "userMediaCount": 0, "userHasProfilPic": 0, "userIsPrivate": 0, "usernameDigitCount": 0, "usernameLength": 14, "isFake": 1}, {"userFollowerCount": 8, "userFollowingCount": 2039, "userBiographyLength": 0, "userMediaCount": 0, "userHasProfilPic": 1, "userIsPrivate": 0, "usernameDigitCount": 4, "usernameLength": 11, "isFake": 1}, {"userFollowerCount": 22, "userFollowingCount": 4006, "userBiographyLength": 0, "userMediaCount": 0, "userHasProfilPic": 0, "userIsPrivate": 0, "usernameDigitCount": 0, "usernameLength": 8, "isFake": 1}, {"userFollowerCount": 15, "userFollowingCount": 3949, "userBiographyLength": 0, "userMediaCount": 0, "userHasProfilPic": 0, "userIsPrivate": 0, "usernameDigitCount": 2, "usernameLength": 13, "isFake": 1}, {"userFollowerCount": 26, "userFollowingCount": 3400, "userBiographyLength": 0, "userMediaCount": 0, "userHasProfilPic": 0, "userIsPrivate": 0, "usernameDigitCount": 2, "usernameLength": 8, "isFake": 1}, {"userFollowerCount": 32, "userFollowingCount": 3921, "userBiographyLength": 70, "userMediaCount": 0, "userHasProfilPic": 1, "userIsPrivate": 0, "usernameDigitCount": 2, "usernameLength": 11, "isFake": 1}, {"userFollowerCount": 34, "userFollowingCount": 7158, "userBiographyLength": 0, "userMediaCount": 0, "userHasProfilPic": 0, "userIsPrivate": 0, "usernameDigitCount": 1, "usernameLength": 10, "isFake": 1}, {"userFollowerCount": 47, "userFollowingCount": 3999, "userBiographyLength": 129, "userMediaCount": 0, "userHasProfilPic": 1, "userIsPrivate": 1, "usernameDigitCount": 0, "usernameLength": 12, "isFake": 1}, {"userFollowerCount": 162, "userFollowingCount": 171, "userBiographyLength": 0, "userMediaCount": 1, "userHasProfilPic": 0, "userIsPrivate": 1, "usernameDigitCount": 0, "usernameLength": 15, "isFake": 1}, {"userFollowerCount": 643, "userFollowingCount": 2240, "userBiographyLength": 0, "userMediaCount": 2, "userHasProfilPic": 1, "userIsPrivate": 0, "usernameDigitCount": 1, "usernameLength": 11, "isFake": 1}, {"userFollowerCount": 147, "userFollowingCount": 2387, "userBiographyLength": 0, "userMediaCount": 0, "userHasProfilPic": 1, "userIsPrivate": 0, "usernameDigitCount": 2, "usernameLength": 10, "isFake": 1}, {"userFollowerCount": 35, "userFollowingCount": 4621, "userBiographyLength": 0, "userMediaCount": 0, "userHasProfilPic": 0, "userIsPrivate": 0, "usernameDigitCount": 4, "usernameLength": 17, "isFake": 1}, {"userFollowerCount": 11, "userFollowingCount": 4677, "userBiographyLength": 0, "userMediaCount": 0, "userHasProfilPic": 0, "userIsPrivate": 0, "usernameDigitCount": 3, "usernameLength": 8, "isFake": 1}, {"userFollowerCount": 52, "userFollowingCount": 4614, "userBiographyLength": 0, "userMediaCount": 0, "userHasProfilPic": 1, "userIsPrivate": 0, "usernameDigitCount": 0, "usernameLength": 14, "isFake": 1}, {"userFollowerCount": 33, "userFollowingCount": 5133, "userBiographyLength": 0, "userMediaCount": 2, "userHasProfilPic": 1, "userIsPrivate": 0, "usernameDigitCount": 8, "usernameLength": 13, "isFake": 1}, {"userFollowerCount": 29, "userFollowingCount": 5105, "userBiographyLength": 0, "userMediaCount": 0, "userHasProfilPic": 0, "userIsPrivate": 0, "usernameDigitCount": 5, "usernameLength": 18, "isFake": 1}, {"userFollowerCount": 6, "userFollowingCount": 961, "userBiographyLength": 0, "userMediaCount": 0, "userHasProfilPic": 1, "userIsPrivate": 0, "usernameDigitCount": 5, "usernameLength": 8, "isFake": 1}, {"userFollowerCount": 64, "userFollowingCount": 190, "userBiographyLength": 70, "userMediaCount": 3, "userHasProfilPic": 1, "userIsPrivate": 0, "usernameDigitCount": 0, "usernameLength": 16, "isFake": 1}, {"userFollowerCount": 18, "userFollowingCount": 1741, "userBiographyLength": 0, "userMediaCount": 0, "userHasProfilPic": 0, "userIsPrivate": 0, "usernameDigitCount": 0, "usernameLength": 11, "isFake": 1}, {"userFollowerCount": 163, "userFollowingCount": 6747, "userBiographyLength": 0, "userMediaCount": 3, "userHasProfilPic": 1, "userIsPrivate": 0, "usernameDigitCount": 0, "usernameLength": 10, "isFake": 1}, {"userFollowerCount": 6, "userFollowingCount": 181, "userBiographyLength": 0, "userMediaCount": 1, "userHasProfilPic": 1, "userIsPrivate": 0, "usernameDigitCount": 3, "usernameLength": 15, "isFake": 1}, {"userFollowerCount": 17, "userFollowingCount": 1299, "userBiographyLength": 0, "userMediaCount": 1, "userHasProfilPic": 1, "userIsPrivate": 0, "usernameDigitCount": 0, "usernameLength": 18, "isFake": 1}, {"userFollowerCount": 16, "userFollowingCount": 266, "userBiographyLength": 0, "userMediaCount": 0, "userHasProfilPic": 0, "userIsPrivate": 0, "usernameDigitCount": 2, "usernameLength": 14, "isFake": 1}, {"userFollowerCount": 153, "userFollowingCount": 1195, "userBiographyLength": 9, "userMediaCount": 0, "userHasProfilPic": 1, "userIsPrivate": 0, "usernameDigitCount": 0, "usernameLength": 9, "isFake": 1}, {"userFollowerCount": 38, "userFollowingCount": 1678, "userBiographyLength": 0, "userMediaCount": 0, "userHasProfilPic": 0, "userIsPrivate": 0, "usernameDigitCount": 5, "usernameLength": 19, "isFake": 1}, {"userFollowerCount": 959, "userFollowingCount": 2107, "userBiographyLength": 0, "userMediaCount": 3, "userHasProfilPic": 1, "userIsPrivate": 0, "usernameDigitCount": 0, "usernameLength": 8, "isFake": 1}, {"userFollowerCount": 109, "userFollowingCount": 1722, "userBiographyLength": 0, "userMediaCount": 8, "userHasProfilPic": 1, "userIsPrivate": 1, "usernameDigitCount": 5, "usernameLength": 11, "isFake": 1}, {"userFollowerCount": 129, "userFollowingCount": 1796, "userBiographyLength": 0, "userMediaCount": 5, "userHasProfilPic": 1, "userIsPrivate": 1, "usernameDigitCount": 0, "usernameLength": 8, "isFake": 1}, {"userFollowerCount": 35, "userFollowingCount": 2553, "userBiographyLength": 0, "userMediaCount": 1, "userHasProfilPic": 1, "userIsPrivate": 0, "usernameDigitCount": 0, "usernameLength": 21, "isFake": 1}, {"userFollowerCount": 6, "userFollowingCount": 866, "userBiographyLength": 0, "userMediaCount": 2, "userHasProfilPic": 0, "userIsPrivate": 1, "usernameDigitCount": 0, "usernameLength": 10, "isFake": 1}, {"userFollowerCount": 19, "userFollowingCount": 4046, "userBiographyLength": 0, "userMediaCount": 1, "userHasProfilPic": 1, "userIsPrivate": 0, "usernameDigitCount": 5, "usernameLength": 19, "isFake": 1}, {"userFollowerCount": 34, "userFollowingCount": 938, "userBiographyLength": 110, "userMediaCount": 3, "userHasProfilPic": 1, "userIsPrivate": 0, "usernameDigitCount": 0, "usernameLength": 15, "isFake": 1}, {"userFollowerCount": 494, "userFollowingCount": 3853, "userBiographyLength": 0, "userMediaCount": 1, "userHasProfilPic": 1, "userIsPrivate": 0, "usernameDigitCount": 4, "usernameLength": 18, "isFake": 1}, {"userFollowerCount": 30, "userFollowingCount": 940, "userBiographyLength": 24, "userMediaCount": 3, "userHasProfilPic": 1, "userIsPrivate": 0, "usernameDigitCount": 0, "usernameLength": 10, "isFake": 1}, {"userFollowerCount": 26, "userFollowingCount": 1392, "userBiographyLength": 85, "userMediaCount": 3, "userHasProfilPic": 1, "userIsPrivate": 0, "usernameDigitCount": 1, "usernameLength": 13, "isFake": 1}, {"userFollowerCount": 5, "userFollowingCount": 16, "userBiographyLength": 0, "userMediaCount": 0, "userHasProfilPic": 0, "userIsPrivate": 1, "usernameDigitCount": 0, "usernameLength": 9, "isFake": 1}, {"userFollowerCount": 160, "userFollowingCount": 2246, "userBiographyLength": 0, "userMediaCount": 1, "userHasProfilPic": 1, "userIsPrivate": 0, "usernameDigitCount": 3, "usernameLength": 10, "isFake": 1}, {"userFollowerCount": 48, "userFollowingCount": 179, "userBiographyLength": 0, "userMediaCount": 4, "userHasProfilPic": 1, "userIsPrivate": 0, "usernameDigitCount": 0, "usernameLength": 8, "isFake": 1}, {"userFollowerCount": 55, "userFollowingCount": 776, "userBiographyLength": 6, "userMediaCount": 1, "userHasProfilPic": 1, "userIsPrivate": 0, "usernameDigitCount": 0, "usernameLength": 11, "isFake": 1}, {"userFollowerCount": 11, "userFollowingCount": 159, "userBiographyLength": 0, "userMediaCount": 1, "userHasProfilPic": 0, "userIsPrivate": 0, "usernameDigitCount": 3, "usernameLength": 14, "isFake": 1}, {"userFollowerCount": 185, "userFollowingCount": 1928, "userBiographyLength": 74, "userMediaCount": 3, "userHasProfilPic": 1, "userIsPrivate": 0, "usernameDigitCount": 0, "usernameLength": 12, "isFake": 1}, {"userFollowerCount": 11, "userFollowingCount": 2258, "userBiographyLength": 0, "userMediaCount": 3, "userHasProfilPic": 1, "userIsPrivate": 0, "usernameDigitCount": 0, "usernameLength": 18, "isFake": 1}, {"userFollowerCount": 29, "userFollowingCount": 1857, "userBiographyLength": 19, "userMediaCount": 1, "userHasProfilPic": 1, "userIsPrivate": 0, "usernameDigitCount": 3, "usernameLength": 8, "isFake": 1}, {"userFollowerCount": 39, "userFollowingCount": 481, "userBiographyLength": 14, "userMediaCount": 2, "userHasProfilPic": 1, "userIsPrivate": 0, "usernameDigitCount": 0, "usernameLength": 19, "isFake": 1}, {"userFollowerCount": 71, "userFollowingCount": 31, "userBiographyLength": 57, "userMediaCount": 3, "userHasProfilPic": 1, "userIsPrivate": 0, "usernameDigitCount": 1, "usernameLength": 11, "isFake": 1}, {"userFollowerCount": 3, "userFollowingCount": 151, "userBiographyLength": 0, "userMediaCount": 0, "userHasProfilPic": 0, "userIsPrivate": 1, "usernameDigitCount": 0, "usernameLength": 16, "isFake": 1}, {"userFollowerCount": 1, "userFollowingCount": 1807, "userBiographyLength": 0, "userMediaCount": 0, "userHasProfilPic": 0, "userIsPrivate": 1, "usernameDigitCount": 2, "usernameLength": 12, "isFake": 1}, {"userFollowerCount": 3, "userFollowingCount": 76, "userBiographyLength": 0, "userMediaCount": 0, "userHasProfilPic": 1, "userIsPrivate": 1, "usernameDigitCount": 2, "usernameLength": 12, "isFake": 1}, {"userFollowerCount": 11, "userFollowingCount": 76, "userBiographyLength": 0, "userMediaCount": 0, "userHasProfilPic": 0, "userIsPrivate": 0, "usernameDigitCount": 2, "usernameLength": 13, "isFake": 1}, {"userFollowerCount": 1, "userFollowingCount": 67, "userBiographyLength": 0, "userMediaCount": 0, "userHasProfilPic": 0, "userIsPrivate": 1, "usernameDigitCount": 0, "usernameLength": 8, "isFake": 1}, {"userFollowerCount": 29, "userFollowingCount": 41, "userBiographyLength": 0, "userMediaCount": 0, "userHasProfilPic": 0, "userIsPrivate": 1, "usernameDigitCount": 0, "usernameLength": 9, "isFake": 1}, {"userFollowerCount": 0, "userFollowingCount": 3, "userBiographyLength": 0, "userMediaCount": 0, "userHasProfilPic": 0, "userIsPrivate": 0, "usernameDigitCount": 3, "usernameLength": 10, "isFake": 1}, {"userFollowerCount": 13, "userFollowingCount": 114, "userBiographyLength": 0, "userMediaCount": 0, "userHasProfilPic": 0, "userIsPrivate": 0, "usernameDigitCount": 4, "usernameLength": 9, "isFake": 1}, {"userFollowerCount": 17, "userFollowingCount": 183, "userBiographyLength": 0, "userMediaCount": 0, "userHasProfilPic": 0, "userIsPrivate": 1, "usernameDigitCount": 1, "usernameLength": 10, "isFake": 1}, {"userFollowerCount": 24, "userFollowingCount": 696, "userBiographyLength": 0, "userMediaCount": 0, "userHasProfilPic": 0, "userIsPrivate": 1, "usernameDigitCount": 0, "usernameLength": 9, "isFake": 1}, {"userFollowerCount": 3, "userFollowingCount": 157, "userBiographyLength": 0, "userMediaCount": 0, "userHasProfilPic": 0, "userIsPrivate": 1, "usernameDigitCount": 4, "usernameLength": 9, "isFake": 1}, {"userFollowerCount": 0, "userFollowingCount": 54, "userBiographyLength": 0, "userMediaCount": 0, "userHasProfilPic": 0, "userIsPrivate": 1, "usernameDigitCount": 0, "usernameLength": 11, "isFake": 1}, {"userFollowerCount": 11, "userFollowingCount": 344, "userBiographyLength": 24, "userMediaCount": 0, "userHasProfilPic": 0, "userIsPrivate": 1, "usernameDigitCount": 4, "usernameLength": 9, "isFake": 1}, {"userFollowerCount": 1, "userFollowingCount": 282, "userBiographyLength": 0, "userMediaCount": 0, "userHasProfilPic": 0, "userIsPrivate": 1, "usernameDigitCount": 0, "usernameLength": 15, "isFake": 1}, {"userFollowerCount": 0, "userFollowingCount": 577, "userBiographyLength": 0, "userMediaCount": 0, "userHasProfilPic": 0, "userIsPrivate": 1, "usernameDigitCount": 0, "usernameLength": 14, "isFake": 1}, {"userFollowerCount": 0, "userFollowingCount": 434, "userBiographyLength": 0, "userMediaCount": 0, "userHasProfilPic": 0, "userIsPrivate": 1, "usernameDigitCount": 0, "usernameLength": 12, "isFake": 1}, {"userFollowerCount": 2, "userFollowingCount": 57, "userBiographyLength": 0, "userMediaCount": 0, "userHasProfilPic": 0, "userIsPrivate": 0, "usernameDigitCount": 2, "usernameLength": 10, "isFake": 1}, {"userFollowerCount": 26, "userFollowingCount": 142, "userBiographyLength": 0, "userMediaCount": 0, "userHasProfilPic": 0, "userIsPrivate": 0, "usernameDigitCount": 0, "usernameLength": 9, "isFake": 1}, {"userFollowerCount": 49, "userFollowingCount": 111, "userBiographyLength": 0, "userMediaCount": 0, "userHasProfilPic": 0, "userIsPrivate": 1, "usernameDigitCount": 5, "usernameLength": 10, "isFake": 1}, {"userFollowerCount": 1, "userFollowingCount": 127, "userBiographyLength": 0, "userMediaCount": 0, "userHasProfilPic": 1, "userIsPrivate": 1, "usernameDigitCount": 0, "usernameLength": 10, "isFake": 1}, {"userFollowerCount": 16, "userFollowingCount": 486, "userBiographyLength": 0, "userMediaCount": 0, "userHasProfilPic": 1, "userIsPrivate": 1, "usernameDigitCount": 0, "usernameLength": 13, "isFake": 1}, {"userFollowerCount": 25, "userFollowingCount": 322, "userBiographyLength": 0, "userMediaCount": 0, "userHasProfilPic": 1, "userIsPrivate": 0, "usernameDigitCount": 0, "usernameLength": 8, "isFake": 1}, {"userFollowerCount": 0, "userFollowingCount": 194, "userBiographyLength": 0, "userMediaCount": 0, "userHasProfilPic": 1, "userIsPrivate": 1, "usernameDigitCount": 0, "usernameLength": 9, "isFake": 1}, {"userFollowerCount": 0, "userFollowingCount": 174, "userBiographyLength": 14, "userMediaCount": 0, "userHasProfilPic": 1, "userIsPrivate": 1, "usernameDigitCount": 1, "usernameLength": 9, "isFake": 1}, {"userFollowerCount": 0, "userFollowingCount": 524, "userBiographyLength": 0, "userMediaCount": 0, "userHasProfilPic": 1, "userIsPrivate": 1, "usernameDigitCount": 0, "usernameLength": 6, "isFake": 1}, {"userFollowerCount": 5, "userFollowingCount": 460, "userBiographyLength": 0, "userMediaCount": 1, "userHasProfilPic": 1, "userIsPrivate": 1, "usernameDigitCount": 1, "usernameLength": 7, "isFake": 1}, {"userFollowerCount": 0, "userFollowingCount": 753, "userBiographyLength": 0, "userMediaCount": 9, "userHasProfilPic": 1, "userIsPrivate": 1, "usernameDigitCount": 0, "usernameLength": 13, "isFake": 1}, {"userFollowerCount": 0, "userFollowingCount": 140, "userBiographyLength": 0, "userMediaCount": 0, "userHasProfilPic": 1, "userIsPrivate": 1, "usernameDigitCount": 2, "usernameLength": 7, "isFake": 1}, {"userFollowerCount": 301, "userFollowingCount": 7493, "userBiographyLength": 0, "userMediaCount": 0, "userHasProfilPic": 1, "userIsPrivate": 1, "usernameDigitCount": 4, "usernameLength": 10, "isFake": 1}, {"userFollowerCount": 368, "userFollowingCount": 6929, "userBiographyLength": 0, "userMediaCount": 2, "userHasProfilPic": 1, "userIsPrivate": 0, "usernameDigitCount": 0, "usernameLength": 7, "isFake": 1}, {"userFollowerCount": 80, "userFollowingCount": 4839, "userBiographyLength": 10, "userMediaCount": 5, "userHasProfilPic": 1, "userIsPrivate": 0, "usernameDigitCount": 0, "usernameLength": 8, "isFake": 1}, {"userFollowerCount": 28, "userFollowingCount": 4518, "userBiographyLength": 0, "userMediaCount": 1, "userHasProfilPic": 1, "userIsPrivate": 0, "usernameDigitCount": 2, "usernameLength": 6, "isFake": 1}, {"userFollowerCount": 223, "userFollowingCount": 1735, "userBiographyLength": 0, "userMediaCount": 6, "userHasProfilPic": 1, "userIsPrivate": 0, "usernameDigitCount": 2, "usernameLength": 9, "isFake": 1}, {"userFollowerCount": 140, "userFollowingCount": 1104, "userBiographyLength": 0, "userMediaCount": 3, "userHasProfilPic": 1, "userIsPrivate": 0, "usernameDigitCount": 0, "usernameLength": 15, "isFake": 1}, {"userFollowerCount": 85, "userFollowingCount": 1401, "userBiographyLength": 130, "userMediaCount": 9, "userHasProfilPic": 1, "userIsPrivate": 0, "usernameDigitCount": 3, "usernameLength": 16, "isFake": 1}, {"userFollowerCount": 32, "userFollowingCount": 2184, "userBiographyLength": 35, "userMediaCount": 2, "userHasProfilPic": 1, "userIsPrivate": 0, "usernameDigitCount": 2, "usernameLength": 18, "isFake": 1}, {"userFollowerCount": 34, "userFollowingCount": 3681, "userBiographyLength": 36, "userMediaCount": 1, "userHasProfilPic": 1, "userIsPrivate": 0, "usernameDigitCount": 0, "usernameLength": 9, "isFake": 1}, {"userFollowerCount": 14, "userFollowingCount": 2429, "userBiographyLength": 0, "userMediaCount": 1, "userHasProfilPic": 1, "userIsPrivate": 0, "usernameDigitCount": 0, "usernameLength": 16, "isFake": 1}, {"userFollowerCount": 11, "userFollowingCount": 1008, "userBiographyLength": 12, "userMediaCount": 1, "userHasProfilPic": 1, "userIsPrivate": 0, "usernameDigitCount": 0, "usernameLength": 12, "isFake": 1}, {"userFollowerCount": 228, "userFollowingCount": 4956, "userBiographyLength": 50, "userMediaCount": 1, "userHasProfilPic": 1, "userIsPrivate": 1, "usernameDigitCount": 3, "usernameLength": 9, "isFake": 1}, {"userFollowerCount": 133, "userFollowingCount": 145, "userBiographyLength": 0, "userMediaCount": 4, "userHasProfilPic": 1, "userIsPrivate": 0, "usernameDigitCount": 0, "usernameLength": 15, "isFake": 1}, {"userFollowerCount": 407, "userFollowingCount": 3792, "userBiographyLength": 0, "userMediaCount": 1, "userHasProfilPic": 1, "userIsPrivate": 0, "usernameDigitCount": 3, "usernameLength": 9, "isFake": 1}, {"userFollowerCount": 64, "userFollowingCount": 359, "userBiographyLength": 0, "userMediaCount": 6, "userHasProfilPic": 1, "userIsPrivate": 0, "usernameDigitCount": 0, "usernameLength": 7, "isFake": 1}, {"userFollowerCount": 288, "userFollowingCount": 4276, "userBiographyLength": 0, "userMediaCount": 1, "userHasProfilPic": 1, "userIsPrivate": 0, "usernameDigitCount": 5, "usernameLength": 9, "isFake": 1}, {"userFollowerCount": 307, "userFollowingCount": 4887, "userBiographyLength": 3, "userMediaCount": 3, "userHasProfilPic": 1, "userIsPrivate": 0, "usernameDigitCount": 0, "usernameLength": 22, "isFake": 1}, {"userFollowerCount": 88, "userFollowingCount": 266, "userBiographyLength": 0, "userMediaCount": 1, "userHasProfilPic": 1, "userIsPrivate": 0, "usernameDigitCount": 0, "usernameLength": 9, "isFake": 1}, {"userFollowerCount": 145, "userFollowingCount": 2291, "userBiographyLength": 0, "userMediaCount": 1, "userHasProfilPic": 0, "userIsPrivate": 0, "usernameDigitCount": 7, "usernameLength": 15, "isFake": 1}, {"userFollowerCount": 34, "userFollowingCount": 219, "userBiographyLength": 0, "userMediaCount": 2, "userHasProfilPic": 0, "userIsPrivate": 0, "usernameDigitCount": 0, "usernameLength": 20, "isFake": 1}, {"userFollowerCount": 165, "userFollowingCount": 618, "userBiographyLength": 0, "userMediaCount": 0, "userHasProfilPic": 1, "userIsPrivate": 0, "usernameDigitCount": 0, "usernameLength": 8, "isFake": 1}, {"userFollowerCount": 165, "userFollowingCount": 752, "userBiographyLength": 0, "userMediaCount": 0, "userHasProfilPic": 0, "userIsPrivate": 1, "usernameDigitCount": 3, "usernameLength": 8, "isFake": 1}, {"userFollowerCount": 151, "userFollowingCount": 1975, "userBiographyLength": 0, "userMediaCount": 0, "userHasProfilPic": 0, "userIsPrivate": 1, "usernameDigitCount": 4, "usernameLength": 9, "isFake": 1}, {"userFollowerCount": 12, "userFollowingCount": 25, "userBiographyLength": 0, "userMediaCount": 0, "userHasProfilPic": 0, "userIsPrivate": 0, "usernameDigitCount": 0, "usernameLength": 9, "isFake": 1}, {"userFollowerCount": 1338, "userFollowingCount": 3364, "userBiographyLength": 0, "userMediaCount": 0, "userHasProfilPic": 0, "userIsPrivate": 1, "usernameDigitCount": 0, "usernameLength": 10, "isFake": 1}, {"userFollowerCount": 401, "userFollowingCount": 3796, "userBiographyLength": 0, "userMediaCount": 0, "userHasProfilPic": 0, "userIsPrivate": 0, "usernameDigitCount": 3, "usernameLength": 10, "isFake": 1}, {"userFollowerCount": 228, "userFollowingCount": 1779, "userBiographyLength": 0, "userMediaCount": 0, "userHasProfilPic": 0, "userIsPrivate": 0, "usernameDigitCount": 10, "usernameLength": 11, "isFake": 1}, {"userFollowerCount": 1127, "userFollowingCount": 3758, "userBiographyLength": 0, "userMediaCount": 3, "userHasProfilPic": 1, "userIsPrivate": 1, "usernameDigitCount": 6, "usernameLength": 9, "isFake": 1}, {"userFollowerCount": 0, "userFollowingCount": 0, "userBiographyLength": 0, "userMediaCount": 0, "userHasProfilPic": 0, "userIsPrivate": 0, "usernameDigitCount": 4, "usernameLength": 10, "isFake": 1}, {"userFollowerCount": 1, "userFollowingCount": 0, "userBiographyLength": 90, "userMediaCount": 9, "userHasProfilPic": 1, "userIsPrivate": 0, "usernameDigitCount": 1, "usernameLength": 19, "isFake": 1}, {"userFollowerCount": 1, "userFollowingCount": 1, "userBiographyLength": 59, "userMediaCount": 7, "userHasProfilPic": 1, "userIsPrivate": 0, "usernameDigitCount": 4, "usernameLength": 15, "isFake": 1}, {"userFollowerCount": 0, "userFollowingCount": 25, "userBiographyLength": 138, "userMediaCount": 6, "userHasProfilPic": 1, "userIsPrivate": 0, "usernameDigitCount": 0, "usernameLength": 10, "isFake": 1}, {"userFollowerCount": 0, "userFollowingCount": 0, "userBiographyLength": 52, "userMediaCount": 6, "userHasProfilPic": 1, "userIsPrivate": 0, "usernameDigitCount": 3, "usernameLength": 7, "isFake": 1}, {"userFollowerCount": 0, "userFollowingCount": 1, "userBiographyLength": 92, "userMediaCount": 9, "userHasProfilPic": 1, "userIsPrivate": 0, "usernameDigitCount": 1, "usernameLength": 15, "isFake": 1}, {"userFollowerCount": 1, "userFollowingCount": 0, "userBiographyLength": 60, "userMediaCount": 5, "userHasProfilPic": 1, "userIsPrivate": 0, "usernameDigitCount": 1, "usernameLength": 13, "isFake": 1}, {"userFollowerCount": 0, "userFollowingCount": 0, "userBiographyLength": 108, "userMediaCount": 6, "userHasProfilPic": 1, "userIsPrivate": 0, "usernameDigitCount": 2, "usernameLength": 10, "isFake": 1}]